"from","to","value"
"AB","AA",1
"AC","AA",1
"AD","AA",1
"AG","AA",1
"AI","AA",1
"AL","AA",1
"AN","AA",1
"AO","AA",1
"AP","AA",1
"AQ","AA",1
"AU","AA",1
"AW","AA",1
"BB","AA",1
"BD","AA",1
"BE","AA",1
"BF","AA",1
"AC","AB",1
"AF","AB",1
"AO","AB",1
"BF","AB",1
"AA","AC",1
"AL","AC",1
"AO","AC",1
"BB","AC",1
"BF","AC",1
"AA","AD",1
"AC","AD",1
"AI","AD",1
"AL","AD",1
"AO","AD",1
"AA","AE",1
"AC","AE",1
"AD","AE",1
"AI","AE",1
"AL","AE",1
"AO","AE",1
"AP","AE",1
"AQ","AE",1
"AS","AE",1
"AX","AF",1
"AY","AF",1
"BB","AF",1
"BC","AF",1
"BE","AF",1
"AA","AG",1
"AD","AG",1
"AI","AG",1
"AO","AG",1
"AP","AG",1
"AJ","AH",1
"AM","AH",1
"AP","AH",1
"AT","AH",1
"BA","AH",1
"BB","AH",1
"BC","AH",1
"AA","AI",1
"AD","AI",1
"AG","AI",1
"AN","AI",1
"AO","AI",1
"AU","AI",1
"BD","AI",1
"BE","AI",1
"BB","AJ",1
"AC","AL",1
"AI","AL",1
"AN","AL",1
"AO","AL",1
"AP","AL",1
"BB","AL",1
"BD","AL",1
"BE","AL",1
"BF","AL",1
"AH","AM",1
"AP","AM",1
"BA","AM",1
"BB","AM",1
"AA","AN",1
"AC","AN",1
"AD","AN",1
"AE","AN",1
"AG","AN",1
"AI","AN",1
"AL","AN",1
"AO","AN",1
"AP","AN",1
"AS","AN",1
"AU","AN",1
"AW","AN",1
"BB","AN",1
"BD","AN",1
"BE","AN",1
"BF","AN",1
"BG","AN",1
"AD","AO",1
"AP","AO",1
"BB","AO",1
"AI","AP",1
"AO","AP",1
"AQ","AP",1
"BB","AP",1
"BC","AP",1
"AA","AQ",1
"AE","AQ",1
"AI","AQ",1
"AO","AQ",1
"AP","AQ",1
"BB","AQ",1
"BC","AQ",1
"AH","AR",1
"AP","AR",1
"AT","AR",1
"BB","AR",1
"AA","AS",1
"AI","AS",1
"AO","AS",1
"AP","AS",1
"BB","AS",1
"AH","AT",1
"AK","AT",1
"AP","AT",1
"BB","AT",1
"AI","AU",1
"AL","AU",1
"AV","AU",1
"BB","AU",1
"AU","AV",1
"BB","AV",1
"BD","AV",1
"AI","AW",1
"AN","AW",1
"BB","AW",1
"AM","AX",1
"AP","AX",1
"AY","AX",1
"AZ","AX",1
"BB","AX",1
"AM","AY",1
"AX","AY",1
"AZ","AY",1
"BB","AY",1
"AH","BA",1
"AJ","BA",1
"AM","BA",1
"AP","BA",1
"AT","BA",1
"BB","BA",1
"AH","BB",1
"AJ","BB",1
"AK","BB",1
"AM","BB",1
"AP","BB",1
"AR","BB",1
"AT","BB",1
"BA","BB",1
"BD","BB",1
"BE","BB",1
"AH","BC",1
"BB","BC",1
"AA","BD",1
"AD","BD",1
"AF","BD",1
"AI","BD",1
"AL","BD",1
"AN","BD",1
"AP","BD",1
"AS","BD",1
"AT","BD",1
"AU","BD",1
"AV","BD",1
"AX","BD",1
"AY","BD",1
"AZ","BD",1
"BB","BD",1
"BE","BD",1
"BF","BD",1
"BG","BD",1
"AA","BE",1
"AD","BE",1
"AF","BE",1
"AI","BE",1
"AL","BE",1
"AM","BE",1
"AP","BE",1
"AU","BE",1
"AV","BE",1
"AX","BE",1
"AY","BE",1
"AZ","BE",1
"BB","BE",1
"BD","BE",1
"BF","BE",1
"BG","BE",1
"BB","BF",1
"BD","BF",1
"BH","BF",1
"AD","BG",1
"AG","BG",1
"AI","BG",1
"AN","BG",1
"AP","BG",1
"BB","BG",1
"BD","BG",1
"BH","BG",1
"AP","BH",1
"BD","BH",1
