"id","betweenness","influence","orgtype"
"AA",123.44821012321,30,"private"
"AB",1.2297619047619,14,"private"
"AC",13.1134920634921,12,"private"
"AD",17.1128926628927,12,"private"
"AE",3.75244755244755,18,"private"
"AF",10.3436507936508,5,"private"
"AG",0.877777777777778,19,"private"
"AH",12.5444444444444,10,"ngo"
"AI",78.832054057054,15,"private"
"AJ",0,0,"ngo"
"AK",0,0,"ngo"
"AL",30.8167277167277,21,"private"
"AM",5.21785714285714,6,"ngo"
"AN",54.434620934621,32,"private"
"AO",16.1449078699079,10,"private"
"AP",104.892246642247,19,"party"
"AQ",23.9977522477522,17,"party"
"AR",0,17,"party"
"AS",1.37936507936508,18,"party"
"AT",3.35119047619048,7,"party"
"AU",5.67662337662338,13,"science"
"AV",1.09920634920635,13,"science"
"AW",0,10,"science"
"AX",4.00238095238095,9,"science"
"AY",1.42619047619048,6,"science"
"AZ",0,0,"science"
"BA",0.666666666666667,7,"ngo"
"BB",359.318142968143,22,"ngo"
"BC",2.42222222222222,1,"ngo"
"BD",217.626781551782,25,"gov"
"BE",128.796989121989,22,"gov"
"BF",27.3515873015873,7,"gov"
"BG",12.2293650793651,19,"gov"
"BH",0.894444444444444,4,"gov"
